time,open,high,low,close,volume,value
2025-10-07 09:45:00+07:00,13.0,13.1,13.0,13.1,118100,0.0
2025-10-07 10:00:00+07:00,13.0,13.1,12.9,13.1,514200,0.0
2025-10-07 10:15:00+07:00,13.1,13.1,13.0,13.1,532300,0.0
2025-10-07 10:30:00+07:00,13.1,13.1,13.0,13.0,84500,0.0
2025-10-07 10:45:00+07:00,13.0,13.2,13.0,13.1,655700,0.0
2025-10-07 11:00:00+07:00,13.1,13.2,13.1,13.2,10600,0.0
2025-10-07 11:15:00+07:00,13.2,13.2,13.1,13.1,7700,0.0
2025-10-07 11:30:00+07:00,13.2,13.2,13.1,13.2,28700,0.0
2025-10-07 11:45:00+07:00,13.1,13.2,13.1,13.1,33400,0.0
2025-10-07 12:00:00+07:00,13.1,13.2,13.1,13.1,2400,0.0
2025-10-07 12:15:00+07:00,13.1,13.2,13.1,13.1,13000,0.0
2025-10-07 13:45:00+07:00,13.1,13.1,13.1,13.1,19900,0.0
2025-10-07 14:00:00+07:00,13.2,13.2,13.1,13.2,35500,0.0
2025-10-07 14:15:00+07:00,13.2,13.2,13.1,13.1,54000,0.0
2025-10-07 14:30:00+07:00,13.1,13.2,13.1,13.1,40400,0.0
2025-10-07 14:45:00+07:00,13.1,13.2,13.1,13.1,17100,0.0
2025-10-07 15:00:00+07:00,13.2,13.2,13.1,13.1,26400,0.0
2025-10-07 15:15:00+07:00,13.1,13.1,13.1,13.1,1300,0.0
2025-10-07 15:30:00+07:00,13.1,13.2,13.1,13.1,14000,0.0
2025-10-07 15:45:00+07:00,13.1,13.2,13.1,13.1,32400,0.0
2025-10-07 16:00:00+07:00,13.2,13.2,13.1,13.1,41400,0.0
2025-10-07 16:15:00+07:00,13.1,13.2,13.1,13.1,232300,0.0
2025-10-07 16:30:00+07:00,13.1,13.1,13.1,13.1,271800,0.0
2025-10-08 09:45:00+07:00,13.1,13.2,13.1,13.1,178400,0.0
2025-10-08 10:00:00+07:00,13.2,13.3,13.1,13.3,662300,0.0
2025-10-08 10:15:00+07:00,13.2,13.3,13.2,13.3,40900,0.0
2025-10-08 10:30:00+07:00,13.3,13.3,13.2,13.3,71100,0.0
2025-10-08 10:45:00+07:00,13.3,13.3,13.1,13.2,178600,0.0
2025-10-08 11:00:00+07:00,13.2,13.3,13.1,13.3,603000,0.0
2025-10-08 11:15:00+07:00,13.2,13.3,13.2,13.2,248900,0.0
2025-10-08 11:30:00+07:00,13.1,13.2,13.1,13.2,35600,0.0
2025-10-08 11:45:00+07:00,13.2,13.2,13.1,13.1,37900,0.0
2025-10-08 12:00:00+07:00,13.2,13.2,13.1,13.1,11400,0.0
2025-10-08 12:15:00+07:00,13.2,13.2,13.1,13.1,58700,0.0
2025-10-08 13:45:00+07:00,13.1,13.1,13.1,13.1,29300,0.0
2025-10-08 14:00:00+07:00,13.2,13.2,13.1,13.1,882000,0.0
2025-10-08 14:15:00+07:00,13.1,13.2,13.1,13.1,31800,0.0
2025-10-08 14:30:00+07:00,13.2,13.2,13.1,13.1,7100,0.0
2025-10-08 14:45:00+07:00,13.1,13.2,13.1,13.2,15300,0.0
2025-10-08 15:00:00+07:00,13.2,13.2,13.1,13.1,19400,0.0
2025-10-08 15:15:00+07:00,13.2,13.2,13.1,13.1,26200,0.0
2025-10-08 15:30:00+07:00,13.1,13.2,13.1,13.1,13900,0.0
2025-10-08 15:45:00+07:00,13.2,13.2,13.1,13.1,36800,0.0
2025-10-08 16:00:00+07:00,13.2,13.2,13.1,13.1,86100,0.0
2025-10-08 16:15:00+07:00,13.1,13.2,13.1,13.1,36800,0.0
2025-10-08 16:30:00+07:00,13.2,13.2,13.2,13.2,183400,0.0
2025-10-09 09:45:00+07:00,13.2,13.2,13.2,13.2,170300,0.0
2025-10-09 10:00:00+07:00,13.2,13.2,13.1,13.2,422900,0.0
2025-10-09 10:15:00+07:00,13.3,13.3,13.2,13.2,311400,0.0
2025-10-09 10:30:00+07:00,13.2,13.3,13.2,13.2,252200,0.0
2025-10-09 10:45:00+07:00,13.3,13.3,13.2,13.2,57700,0.0
2025-10-09 11:00:00+07:00,13.2,13.2,13.1,13.1,675800,0.0
2025-10-09 11:15:00+07:00,13.2,13.2,13.1,13.2,40700,0.0
2025-10-09 11:30:00+07:00,13.1,13.2,13.1,13.1,74300,0.0
2025-10-09 11:45:00+07:00,13.1,13.2,13.1,13.2,48700,0.0
2025-10-09 12:00:00+07:00,13.2,13.2,13.1,13.1,165300,0.0
2025-10-09 12:15:00+07:00,13.1,13.2,13.1,13.2,42800,0.0
2025-10-09 13:45:00+07:00,13.1,13.2,13.1,13.2,20800,0.0
2025-10-09 14:00:00+07:00,13.1,13.2,13.1,13.1,87700,0.0
2025-10-09 14:15:00+07:00,13.2,13.2,13.1,13.1,33900,0.0
2025-10-09 14:30:00+07:00,13.2,13.3,13.1,13.2,450200,0.0
2025-10-09 14:45:00+07:00,13.2,13.2,13.1,13.1,290800,0.0
2025-10-09 15:00:00+07:00,13.1,13.2,13.1,13.2,104600,0.0
2025-10-09 15:15:00+07:00,13.2,13.2,13.1,13.1,57700,0.0
2025-10-09 15:30:00+07:00,13.1,13.2,13.1,13.1,32400,0.0
2025-10-09 15:45:00+07:00,13.1,13.2,13.1,13.1,137500,0.0
2025-10-09 16:00:00+07:00,13.1,13.2,13.1,13.2,45700,0.0
2025-10-09 16:15:00+07:00,13.2,13.2,13.1,13.1,83600,0.0
2025-10-09 16:30:00+07:00,13.1,13.1,13.1,13.1,299600,0.0
2025-10-10 09:45:00+07:00,13.2,13.2,13.2,13.2,73200,0.0
2025-10-10 10:00:00+07:00,13.2,13.2,12.9,13.0,3046600,0.0
2025-10-10 10:15:00+07:00,12.9,13.0,12.9,12.9,127500,0.0
2025-10-10 10:30:00+07:00,13.0,13.0,12.9,13.0,88900,0.0
2025-10-10 10:45:00+07:00,13.0,13.0,12.9,13.0,118700,0.0
2025-10-10 11:00:00+07:00,13.0,13.0,12.9,13.0,47400,0.0
2025-10-10 11:15:00+07:00,13.0,13.1,12.9,13.1,547400,0.0
2025-10-10 11:30:00+07:00,13.0,13.1,13.0,13.1,24500,0.0
2025-10-10 11:45:00+07:00,13.0,13.1,13.0,13.1,31000,0.0
2025-10-10 12:00:00+07:00,13.0,13.1,13.0,13.0,51000,0.0
2025-10-10 12:15:00+07:00,13.0,13.0,13.0,13.0,22800,0.0
2025-10-10 13:45:00+07:00,13.0,13.1,13.0,13.1,53200,0.0
2025-10-10 14:00:00+07:00,13.1,13.1,12.9,13.0,1084400,0.0
2025-10-10 14:15:00+07:00,13.0,13.1,12.9,13.0,280400,0.0
2025-10-10 14:30:00+07:00,13.1,13.1,13.0,13.0,14200,0.0
2025-10-10 14:45:00+07:00,13.0,13.1,13.0,13.1,1040400,0.0
2025-10-10 15:00:00+07:00,13.1,13.3,13.1,13.2,1223400,0.0
2025-10-10 15:15:00+07:00,13.3,13.3,13.1,13.2,382700,0.0
2025-10-10 15:30:00+07:00,13.1,13.2,13.1,13.1,16000,0.0
2025-10-10 15:45:00+07:00,13.2,13.3,13.2,13.2,420600,0.0
2025-10-10 16:00:00+07:00,13.2,13.3,13.2,13.2,85300,0.0
2025-10-10 16:15:00+07:00,13.2,13.3,13.2,13.2,58500,0.0
2025-10-10 16:30:00+07:00,13.1,13.1,13.1,13.1,304000,0.0
2025-10-14 09:45:00+07:00,13.1,13.2,13.1,13.1,120500,0.0
2025-10-14 10:00:00+07:00,13.1,13.1,13.0,13.0,455400,0.0
2025-10-14 10:15:00+07:00,13.0,13.1,13.0,13.0,151000,0.0
2025-10-14 10:30:00+07:00,13.0,13.0,12.9,12.9,1053100,0.0
2025-10-14 10:45:00+07:00,12.9,13.1,12.9,13.0,313700,0.0
2025-10-14 11:00:00+07:00,13.0,13.1,13.0,13.0,592500,0.0
2025-10-14 11:15:00+07:00,13.0,13.1,13.0,13.0,718800,0.0
2025-10-14 11:30:00+07:00,13.0,13.1,12.9,12.9,321800,0.0
2025-10-14 11:45:00+07:00,13.0,13.0,12.9,13.0,143400,0.0
2025-10-14 12:00:00+07:00,12.9,13.0,12.9,13.0,120100,0.0
2025-10-14 12:15:00+07:00,12.9,13.0,12.9,12.9,326300,0.0
2025-10-14 13:45:00+07:00,12.9,13.0,12.9,12.9,284700,0.0
2025-10-14 14:00:00+07:00,13.0,13.0,12.9,12.9,745700,0.0
2025-10-14 14:15:00+07:00,12.9,12.9,12.8,12.9,1069300,0.0
2025-10-14 14:30:00+07:00,12.8,12.9,12.8,12.8,3249100,0.0
2025-10-14 14:45:00+07:00,12.9,13.0,12.8,12.9,1227500,0.0
2025-10-14 15:00:00+07:00,12.9,13.0,12.9,12.9,72300,0.0
2025-10-14 15:15:00+07:00,12.9,13.0,12.8,12.9,433200,0.0
2025-10-14 15:30:00+07:00,12.8,12.9,12.8,12.8,143300,0.0
2025-10-14 15:45:00+07:00,12.8,12.9,12.8,12.8,121600,0.0
2025-10-14 16:00:00+07:00,12.8,12.9,12.8,12.8,208500,0.0
2025-10-14 16:15:00+07:00,12.8,12.9,12.8,12.8,291800,0.0
2025-10-14 16:30:00+07:00,12.8,12.8,12.8,12.8,149100,0.0
2025-10-15 09:45:00+07:00,12.8,12.8,12.8,12.8,213900,0.0
2025-10-15 10:00:00+07:00,12.8,13.0,12.8,12.9,1752200,0.0
2025-10-15 10:15:00+07:00,12.9,13.0,12.9,12.9,29600,0.0
2025-10-15 10:30:00+07:00,12.9,13.0,12.9,12.9,35700,0.0
2025-10-15 10:45:00+07:00,12.9,13.0,12.9,12.9,28000,0.0
2025-10-15 11:00:00+07:00,13.0,13.0,12.9,13.0,28200,0.0
2025-10-15 11:15:00+07:00,13.0,13.0,12.9,12.9,20300,0.0
2025-10-15 11:30:00+07:00,13.0,13.0,12.9,12.9,34000,0.0
2025-10-15 11:45:00+07:00,12.9,13.0,12.9,13.0,29600,0.0
2025-10-15 12:00:00+07:00,13.0,13.0,12.9,13.0,62600,0.0
2025-10-15 12:15:00+07:00,12.9,13.0,12.9,12.9,18800,0.0
2025-10-15 13:45:00+07:00,13.0,13.0,12.9,12.9,38600,0.0
2025-10-15 14:00:00+07:00,12.9,13.0,12.9,13.0,692000,0.0
2025-10-15 14:15:00+07:00,13.0,13.1,13.0,13.1,52400,0.0
2025-10-15 14:30:00+07:00,13.1,13.1,13.0,13.1,15300,0.0
2025-10-15 14:45:00+07:00,13.1,13.1,13.0,13.0,1100400,0.0
2025-10-15 15:00:00+07:00,13.0,13.1,13.0,13.0,201600,0.0
2025-10-15 15:15:00+07:00,13.0,13.1,13.0,13.0,32800,0.0
2025-10-15 15:30:00+07:00,13.1,13.1,13.0,13.0,19500,0.0
2025-10-15 15:45:00+07:00,13.0,13.1,13.0,13.1,25400,0.0
2025-10-15 16:00:00+07:00,13.0,13.1,13.0,13.1,157100,0.0
2025-10-15 16:15:00+07:00,13.1,13.1,13.0,13.1,71600,0.0
2025-10-15 16:30:00+07:00,12.9,12.9,12.9,12.9,1645900,0.0
2025-10-16 09:45:00+07:00,13.0,13.0,13.0,13.0,132700,0.0
2025-10-16 10:00:00+07:00,13.1,13.1,13.0,13.1,189100,0.0
2025-10-16 10:15:00+07:00,13.1,13.1,13.0,13.0,78500,0.0
2025-10-16 10:30:00+07:00,13.1,13.1,13.0,13.0,48300,0.0
2025-10-16 10:45:00+07:00,13.1,13.1,13.0,13.0,126700,0.0
2025-10-16 11:00:00+07:00,13.0,13.1,13.0,13.0,21500,0.0
2025-10-16 11:15:00+07:00,13.0,13.1,13.0,13.1,45800,0.0
2025-10-16 11:30:00+07:00,13.0,13.1,13.0,13.0,591800,0.0
2025-10-16 11:45:00+07:00,13.0,13.0,12.9,13.0,695400,0.0
2025-10-16 12:00:00+07:00,12.9,13.0,12.9,13.0,14200,0.0
2025-10-16 12:15:00+07:00,12.9,13.0,12.9,12.9,150600,0.0
2025-10-16 13:45:00+07:00,13.0,13.0,12.9,13.0,71300,0.0
2025-10-16 14:00:00+07:00,13.0,13.0,12.9,13.0,4800,0.0
2025-10-16 14:15:00+07:00,13.0,13.0,12.9,13.0,37700,0.0
2025-10-16 14:30:00+07:00,13.0,13.0,12.9,12.9,9400,0.0
2025-10-16 14:45:00+07:00,13.0,13.0,12.9,13.0,18800,0.0
2025-10-16 15:00:00+07:00,12.9,13.0,12.9,13.0,42500,0.0
2025-10-16 15:15:00+07:00,12.9,13.0,12.9,12.9,20200,0.0
2025-10-16 15:30:00+07:00,12.9,13.0,12.9,12.9,92400,0.0
2025-10-16 15:45:00+07:00,12.9,13.0,12.9,13.0,78900,0.0
2025-10-16 16:00:00+07:00,12.9,13.0,12.9,13.0,60700,0.0
2025-10-16 16:15:00+07:00,13.0,13.0,12.9,12.9,299400,0.0
2025-10-16 16:30:00+07:00,13.0,13.0,13.0,13.0,567900,0.0
2025-10-17 09:45:00+07:00,12.9,12.9,12.8,12.8,220500,0.0
2025-10-17 10:00:00+07:00,12.8,13.0,12.8,12.9,850700,0.0
2025-10-17 10:15:00+07:00,12.9,12.9,12.8,12.8,76500,0.0
2025-10-17 10:30:00+07:00,12.8,12.9,12.7,12.7,1442500,0.0
2025-10-17 10:45:00+07:00,12.7,12.8,12.7,12.7,321100,0.0
2025-10-17 11:00:00+07:00,12.7,12.8,12.7,12.8,912500,0.0
2025-10-17 11:15:00+07:00,12.8,12.8,12.7,12.8,110100,0.0
2025-10-17 11:30:00+07:00,12.8,12.8,12.7,12.8,103500,0.0
2025-10-17 11:45:00+07:00,12.8,12.8,12.7,12.8,46400,0.0
2025-10-17 12:00:00+07:00,12.8,12.8,12.7,12.7,85800,0.0
2025-10-17 12:15:00+07:00,12.7,12.8,12.7,12.7,6700,0.0
2025-10-17 13:45:00+07:00,12.7,12.8,12.7,12.7,189800,0.0
2025-10-17 14:00:00+07:00,12.7,12.8,12.7,12.8,73500,0.0
2025-10-17 14:15:00+07:00,12.8,12.8,12.7,12.7,248000,0.0
2025-10-17 14:30:00+07:00,12.8,12.8,12.6,12.6,683600,0.0
2025-10-17 14:45:00+07:00,12.6,12.8,12.6,12.7,706300,0.0
2025-10-17 15:00:00+07:00,12.7,12.8,12.7,12.8,33000,0.0
2025-10-17 15:15:00+07:00,12.8,12.8,12.7,12.8,476900,0.0
2025-10-17 15:30:00+07:00,12.8,12.8,12.7,12.8,27600,0.0
2025-10-17 15:45:00+07:00,12.7,12.8,12.7,12.7,90100,0.0
2025-10-17 16:00:00+07:00,12.7,12.8,12.7,12.8,44500,0.0
2025-10-17 16:15:00+07:00,12.7,12.8,12.7,12.7,67800,0.0
2025-10-17 16:30:00+07:00,12.7,12.7,12.7,12.7,414300,0.0
2025-10-20 09:45:00+07:00,12.7,12.8,12.7,12.7,112400,0.0
2025-10-20 10:00:00+07:00,12.7,12.9,12.7,12.9,362900,0.0
2025-10-20 10:15:00+07:00,12.9,12.9,12.8,12.8,30300,0.0
2025-10-20 10:30:00+07:00,12.9,12.9,12.7,12.8,575700,0.0
2025-10-20 10:45:00+07:00,12.8,12.8,12.7,12.8,101700,0.0
2025-10-20 11:00:00+07:00,12.8,12.8,12.7,12.8,47200,0.0
2025-10-20 11:15:00+07:00,12.8,12.8,12.7,12.8,52500,0.0
2025-10-20 11:30:00+07:00,12.8,12.8,12.7,12.8,17500,0.0
2025-10-20 11:45:00+07:00,12.8,12.8,12.8,12.8,11100,0.0
2025-10-20 12:00:00+07:00,12.8,12.8,12.7,12.7,34000,0.0
2025-10-20 12:15:00+07:00,12.8,12.8,12.7,12.7,120300,0.0
2025-10-20 13:45:00+07:00,12.7,12.8,12.7,12.7,179400,0.0
2025-10-20 14:00:00+07:00,12.7,12.8,12.7,12.7,16000,0.0
2025-10-20 14:15:00+07:00,12.7,12.8,12.7,12.8,11400,0.0
2025-10-20 14:30:00+07:00,12.8,12.8,12.7,12.7,17700,0.0
2025-10-20 14:45:00+07:00,12.7,12.8,12.7,12.7,18800,0.0
2025-10-20 15:00:00+07:00,12.7,12.8,12.7,12.7,32200,0.0
2025-10-20 15:15:00+07:00,12.8,12.8,12.7,12.8,9700,0.0
2025-10-20 15:30:00+07:00,12.7,12.8,12.7,12.7,10400,0.0
2025-10-20 15:45:00+07:00,12.8,12.8,12.7,12.8,43000,0.0
2025-10-20 16:00:00+07:00,12.7,12.8,12.7,12.8,100800,0.0
2025-10-20 16:15:00+07:00,12.7,12.8,12.7,12.7,210400,0.0
2025-10-20 16:30:00+07:00,12.7,12.7,12.7,12.7,238000,0.0
2025-10-21 09:45:00+07:00,12.8,12.8,12.7,12.7,61000,0.0
2025-10-21 10:00:00+07:00,12.7,12.8,12.7,12.8,10200,0.0
2025-10-21 10:15:00+07:00,12.7,12.8,12.7,12.8,207900,0.0
2025-10-21 10:30:00+07:00,12.8,12.8,12.7,12.8,11800,0.0
2025-10-21 10:45:00+07:00,12.8,12.8,12.7,12.8,62200,0.0
2025-10-21 11:00:00+07:00,12.7,12.8,12.7,12.8,111500,0.0
2025-10-21 11:15:00+07:00,12.8,12.8,12.6,12.6,889500,0.0
2025-10-21 11:30:00+07:00,12.6,12.7,12.6,12.6,37000,0.0
2025-10-21 11:45:00+07:00,12.6,12.7,12.6,12.7,35200,0.0
2025-10-21 12:00:00+07:00,12.6,12.7,12.6,12.7,14700,0.0
2025-10-21 12:15:00+07:00,12.7,12.7,12.6,12.6,79200,0.0
2025-10-21 13:45:00+07:00,12.6,12.6,12.6,12.6,14200,0.0
2025-10-21 14:00:00+07:00,12.6,12.7,12.5,12.5,1088700,0.0
2025-10-21 14:15:00+07:00,12.6,12.6,12.4,12.5,2845300,0.0
2025-10-21 14:30:00+07:00,12.5,12.6,12.5,12.5,368300,0.0
2025-10-21 14:45:00+07:00,12.5,12.6,12.4,12.5,726600,0.0
2025-10-21 15:00:00+07:00,12.5,12.6,12.5,12.5,199700,0.0
2025-10-21 15:15:00+07:00,12.5,12.5,12.4,12.5,554500,0.0
2025-10-21 15:30:00+07:00,12.5,12.6,12.5,12.6,128400,0.0
2025-10-21 15:45:00+07:00,12.6,12.6,12.5,12.5,116400,0.0
2025-10-21 16:00:00+07:00,12.5,12.6,12.5,12.6,694400,0.0
2025-10-21 16:15:00+07:00,12.5,12.6,12.5,12.6,470700,0.0
2025-10-21 16:30:00+07:00,12.5,12.5,12.5,12.5,450900,0.0
2025-10-22 09:45:00+07:00,12.5,12.5,12.5,12.5,118100,0.0
2025-10-22 10:00:00+07:00,12.4,12.6,12.4,12.5,1037800,0.0
2025-10-22 10:15:00+07:00,12.6,12.6,12.4,12.5,1997200,0.0
2025-10-22 10:30:00+07:00,12.6,12.6,12.5,12.6,241500,0.0
2025-10-22 10:45:00+07:00,12.6,12.7,12.5,12.6,683500,0.0
2025-10-22 11:00:00+07:00,12.7,12.8,12.6,12.7,1075500,0.0
2025-10-22 11:15:00+07:00,12.7,12.7,12.6,12.7,652200,0.0
2025-10-22 11:30:00+07:00,12.7,12.7,12.6,12.7,503700,0.0
2025-10-22 11:45:00+07:00,12.7,12.7,12.5,12.5,1079200,0.0
2025-10-22 12:00:00+07:00,12.5,12.6,12.5,12.6,238900,0.0
2025-10-22 12:15:00+07:00,12.6,12.6,12.5,12.6,29500,0.0
2025-10-22 13:45:00+07:00,12.6,12.6,12.5,12.6,59300,0.0
2025-10-22 14:00:00+07:00,12.6,12.6,12.5,12.6,362500,0.0
2025-10-22 14:15:00+07:00,12.6,12.6,12.5,12.6,361400,0.0
2025-10-22 14:30:00+07:00,12.5,12.6,12.5,12.5,65000,0.0
2025-10-22 14:45:00+07:00,12.6,12.7,12.5,12.6,823400,0.0
2025-10-22 15:00:00+07:00,12.6,12.7,12.6,12.6,40000,0.0
2025-10-22 15:15:00+07:00,12.6,12.7,12.5,12.5,612500,0.0
2025-10-22 15:30:00+07:00,12.5,12.6,12.5,12.5,69100,0.0
2025-10-22 15:45:00+07:00,12.5,12.6,12.5,12.5,1556200,0.0
2025-10-22 16:00:00+07:00,12.5,12.6,12.5,12.5,457000,0.0
2025-10-22 16:15:00+07:00,12.5,12.6,12.5,12.5,80600,0.0
2025-10-22 16:30:00+07:00,12.5,12.5,12.5,12.5,466100,0.0
2025-10-24 09:45:00+07:00,12.6,12.6,12.6,12.6,234200,0.0
2025-10-24 10:00:00+07:00,12.5,12.6,12.4,12.5,538100,0.0
2025-10-24 10:15:00+07:00,12.5,12.5,12.4,12.5,240200,0.0
2025-10-24 10:30:00+07:00,12.5,12.6,12.4,12.5,833200,0.0
2025-10-24 10:45:00+07:00,12.5,12.6,12.4,12.5,325500,0.0
2025-10-24 11:00:00+07:00,12.6,12.6,12.4,12.5,220900,0.0
2025-10-24 11:15:00+07:00,12.4,12.6,12.4,12.5,662500,0.0
2025-10-24 11:30:00+07:00,12.5,12.6,12.5,12.6,530900,0.0
2025-10-24 11:45:00+07:00,12.6,12.6,12.5,12.5,24700,0.0
2025-10-24 12:00:00+07:00,12.6,12.6,12.5,12.6,330300,0.0
2025-10-24 12:15:00+07:00,12.5,12.6,12.5,12.5,3000,0.0
2025-10-24 13:45:00+07:00,12.5,12.6,12.5,12.6,5900,0.0
2025-10-24 14:00:00+07:00,12.6,12.6,12.5,12.5,16800,0.0
2025-10-24 14:15:00+07:00,12.5,12.6,12.5,12.5,30500,0.0
2025-10-24 14:30:00+07:00,12.6,12.6,12.5,12.6,14600,0.0
2025-10-24 14:45:00+07:00,12.6,12.6,12.5,12.5,51500,0.0
2025-10-24 15:00:00+07:00,12.6,12.6,12.5,12.5,187100,0.0
2025-10-24 15:15:00+07:00,12.6,12.6,12.4,12.4,483000,0.0
2025-10-24 15:30:00+07:00,12.4,12.5,12.4,12.5,12800,0.0
2025-10-24 15:45:00+07:00,12.5,12.5,12.5,12.5,25800,0.0
2025-10-24 16:00:00+07:00,12.5,12.5,12.4,12.5,63800,0.0
2025-10-24 16:15:00+07:00,12.5,12.5,12.4,12.5,88100,0.0
2025-10-24 16:30:00+07:00,12.5,12.5,12.5,12.5,249000,0.0
2025-10-27 09:45:00+07:00,12.5,12.5,12.4,12.4,78500,0.0
2025-10-27 10:00:00+07:00,12.4,12.5,12.3,12.4,795800,0.0
2025-10-27 10:15:00+07:00,12.4,12.4,12.3,12.3,224600,0.0
2025-10-27 10:30:00+07:00,12.3,12.4,12.3,12.4,151100,0.0
2025-10-27 10:45:00+07:00,12.4,12.5,12.3,12.4,1330400,0.0
2025-10-27 11:00:00+07:00,12.4,12.5,12.3,12.4,330100,0.0
2025-10-27 11:15:00+07:00,12.4,12.5,12.4,12.5,43500,0.0
2025-10-27 11:30:00+07:00,12.5,12.5,12.3,12.5,1096900,0.0
2025-10-27 11:45:00+07:00,12.4,12.5,12.4,12.5,42600,0.0
2025-10-27 12:00:00+07:00,12.5,12.5,12.4,12.4,11900,0.0
2025-10-27 12:15:00+07:00,12.4,12.5,12.4,12.5,106100,0.0
2025-10-27 13:45:00+07:00,12.4,12.5,12.4,12.5,42100,0.0
2025-10-27 14:00:00+07:00,12.5,12.5,12.3,12.4,858200,0.0
2025-10-27 14:15:00+07:00,12.4,12.4,12.3,12.4,30800,0.0
2025-10-27 14:30:00+07:00,12.4,12.4,12.3,12.4,33700,0.0
2025-10-27 14:45:00+07:00,12.4,12.4,12.3,12.4,45400,0.0
2025-10-27 15:00:00+07:00,12.4,12.4,12.3,12.4,38100,0.0
2025-10-27 15:15:00+07:00,12.4,12.4,12.3,12.3,1194700,0.0
2025-10-27 15:30:00+07:00,12.3,12.4,12.3,12.3,32200,0.0
2025-10-27 15:45:00+07:00,12.4,12.4,12.2,12.2,1194900,0.0
2025-10-27 16:00:00+07:00,12.3,12.3,12.2,12.2,130500,0.0
2025-10-27 16:15:00+07:00,12.2,12.3,12.2,12.2,175600,0.0
2025-10-27 16:30:00+07:00,12.2,12.2,12.2,12.2,567800,0.0
2025-10-28 09:45:00+07:00,12.2,12.2,12.1,12.2,175600,0.0
2025-10-28 10:00:00+07:00,12.2,12.2,12.1,12.2,902400,0.0
2025-10-28 10:15:00+07:00,12.1,12.2,12.0,12.1,1332900,0.0
2025-10-28 10:30:00+07:00,12.1,12.3,12.0,12.2,1550400,0.0
2025-10-28 10:45:00+07:00,12.2,12.2,12.1,12.2,383700,0.0
2025-10-28 11:00:00+07:00,12.2,12.2,12.1,12.2,426900,0.0
2025-10-28 11:15:00+07:00,12.2,12.3,12.1,12.3,490600,0.0
2025-10-28 11:30:00+07:00,12.3,12.3,12.2,12.2,534500,0.0
2025-10-28 11:45:00+07:00,12.2,12.2,12.2,12.2,8200,0.0
2025-10-28 12:00:00+07:00,12.3,12.3,12.2,12.2,12600,0.0
2025-10-28 12:15:00+07:00,12.2,12.3,12.2,12.2,28600,0.0
2025-10-28 13:45:00+07:00,12.2,12.3,12.2,12.3,12700,0.0
2025-10-28 14:00:00+07:00,12.2,12.3,12.2,12.2,289400,0.0
2025-10-28 14:15:00+07:00,12.2,12.4,12.2,12.4,678200,0.0
2025-10-28 14:30:00+07:00,12.4,12.4,12.3,12.4,25600,0.0
2025-10-28 14:45:00+07:00,12.3,12.4,12.3,12.3,130000,0.0
2025-10-28 15:00:00+07:00,12.3,12.4,12.3,12.4,156200,0.0
2025-10-28 15:15:00+07:00,12.3,12.4,12.3,12.3,138100,0.0
2025-10-28 15:30:00+07:00,12.3,12.4,12.3,12.3,133400,0.0
2025-10-28 15:45:00+07:00,12.4,12.4,12.3,12.3,62800,0.0
2025-10-28 16:00:00+07:00,12.3,12.4,12.3,12.3,111800,0.0
2025-10-28 16:15:00+07:00,12.3,12.4,12.3,12.3,267100,0.0
2025-10-28 16:30:00+07:00,12.4,12.4,12.4,12.4,763800,0.0
2025-10-29 09:45:00+07:00,12.4,12.4,12.3,12.4,59100,0.0
2025-10-29 10:00:00+07:00,12.4,12.5,12.3,12.4,605200,0.0
2025-10-29 10:15:00+07:00,12.3,12.4,12.2,12.2,451600,0.0
2025-10-29 10:30:00+07:00,12.2,12.4,12.2,12.3,615600,0.0
2025-10-29 10:45:00+07:00,12.2,12.3,12.2,12.2,36100,0.0
2025-10-29 11:00:00+07:00,12.3,12.4,12.3,12.3,654700,0.0
2025-10-29 11:15:00+07:00,12.4,12.4,12.3,12.4,1700,0.0
2025-10-29 11:30:00+07:00,12.4,12.4,12.3,12.3,12700,0.0
2025-10-29 11:45:00+07:00,12.4,12.4,12.3,12.4,26700,0.0
2025-10-29 12:00:00+07:00,12.4,12.4,12.3,12.4,53700,0.0
2025-10-29 12:15:00+07:00,12.3,12.4,12.3,12.4,52300,0.0
2025-10-29 13:45:00+07:00,12.4,12.4,12.4,12.4,19700,0.0
2025-10-29 14:00:00+07:00,12.3,12.4,12.3,12.4,27600,0.0
2025-10-29 14:15:00+07:00,12.4,12.4,12.3,12.3,58400,0.0
2025-10-29 14:30:00+07:00,12.3,12.4,12.3,12.3,34500,0.0
2025-10-29 14:45:00+07:00,12.4,12.4,12.3,12.4,41300,0.0
2025-10-29 15:00:00+07:00,12.4,12.4,12.3,12.3,37400,0.0
2025-10-29 15:15:00+07:00,12.4,12.4,12.3,12.4,57100,0.0
2025-10-29 15:30:00+07:00,12.4,12.4,12.3,12.4,47700,0.0
2025-10-29 15:45:00+07:00,12.3,12.4,12.3,12.3,36400,0.0
2025-10-29 16:00:00+07:00,12.4,12.4,12.3,12.4,93600,0.0
2025-10-29 16:15:00+07:00,12.4,12.4,12.3,12.3,195400,0.0
2025-10-29 16:30:00+07:00,12.4,12.4,12.4,12.4,134900,0.0
2025-10-30 09:45:00+07:00,12.3,12.4,12.3,12.4,33200,0.0
2025-10-30 10:00:00+07:00,12.4,12.4,12.3,12.4,29700,0.0
2025-10-30 10:15:00+07:00,12.4,12.4,12.3,12.4,42500,0.0
2025-10-30 10:30:00+07:00,12.4,12.4,12.3,12.4,11700,0.0
2025-10-30 10:45:00+07:00,12.4,12.4,12.3,12.3,49300,0.0
2025-10-30 11:00:00+07:00,12.4,12.4,12.3,12.3,72900,0.0
2025-10-30 11:15:00+07:00,12.4,12.4,12.3,12.3,535200,0.0
2025-10-30 11:30:00+07:00,12.3,12.4,12.3,12.3,47300,0.0
2025-10-30 11:45:00+07:00,12.3,12.4,12.2,12.3,1216700,0.0
2025-10-30 12:00:00+07:00,12.3,12.3,12.3,12.3,14700,0.0
2025-10-30 12:15:00+07:00,12.2,12.3,12.2,12.3,22300,0.0
2025-10-30 13:45:00+07:00,12.3,12.3,12.3,12.3,22300,0.0
2025-10-30 14:00:00+07:00,12.3,12.4,12.3,12.4,491000,0.0
2025-10-30 14:15:00+07:00,12.4,12.4,12.4,12.4,9500,0.0
2025-10-30 14:30:00+07:00,12.3,12.4,12.3,12.4,19100,0.0
2025-10-30 14:45:00+07:00,12.4,12.4,12.3,12.4,11800,0.0
2025-10-30 15:00:00+07:00,12.3,12.4,12.3,12.4,15000,0.0
2025-10-30 15:15:00+07:00,12.4,12.4,12.3,12.3,48000,0.0
2025-10-30 15:30:00+07:00,12.4,12.4,12.3,12.4,20000,0.0
2025-10-30 15:45:00+07:00,12.4,12.4,12.3,12.4,36500,0.0
2025-10-30 16:00:00+07:00,12.4,12.4,12.3,12.3,28300,0.0
2025-10-30 16:15:00+07:00,12.4,12.4,12.3,12.3,50400,0.0
2025-10-30 16:30:00+07:00,12.3,12.3,12.3,12.3,244800,0.0
2025-10-31 09:45:00+07:00,12.3,12.3,12.3,12.3,241900,2975370.0
2025-10-31 10:00:00+07:00,12.3,12.4,12.3,12.4,3800,47090.0
2025-10-31 10:15:00+07:00,12.4,12.4,12.3,12.4,10300,127610.0
2025-10-31 10:30:00+07:00,12.4,12.4,12.3,12.4,3300,40820.0
2025-10-31 10:45:00+07:00,12.4,12.4,12.3,12.4,20900,257170.0
2025-10-31 11:00:00+07:00,12.3,12.4,12.3,12.4,6100,75420.0
2025-10-31 11:15:00+07:00,12.4,12.4,12.3,12.4,4500,55490.0
2025-10-31 11:30:00+07:00,12.4,12.4,12.3,12.4,7800,96490.0
2025-10-31 11:45:00+07:00,12.3,12.4,12.3,12.4,4900,60450.0
2025-10-31 12:00:00+07:00,12.3,12.4,12.3,12.3,1200,14800.0
2025-10-31 12:15:00+07:00,12.3,12.4,12.3,12.4,17200,212620.0
2025-10-31 13:45:00+07:00,12.4,12.4,12.3,12.3,97800,1212640.0
2025-10-31 14:00:00+07:00,12.3,12.4,12.3,12.3,14100,173730.0
2025-10-31 14:15:00+07:00,12.4,12.4,12.3,12.3,27400,338340.0
2025-10-31 14:30:00+07:00,12.4,12.4,12.4,12.4,8700,107880.0
2025-10-31 14:45:00+07:00,12.4,12.4,12.3,12.4,60000,740330.0
2025-10-31 15:00:00+07:00,12.4,12.4,12.3,12.4,7800,96590.0
2025-10-31 15:15:00+07:00,12.4,12.4,12.3,12.4,4000,49570.0
2025-10-31 15:30:00+07:00,12.4,12.4,12.3,12.3,14100,173600.0
2025-10-31 15:45:00+07:00,12.4,12.4,12.4,12.4,2100,26040.0
2025-10-31 16:00:00+07:00,12.4,12.4,12.3,12.3,9600,118320.0
2025-10-31 16:15:00+07:00,12.3,12.4,12.2,12.3,450600,5542290.0
2025-10-31 16:30:00+07:00,12.3,12.3,12.3,12.3,69000,848700.0
